netG_loss,netD_loss,train_accuracy,test_accuracy
3.4206790703685344,1.1353371829545797,0.7563025210084033,0.5961538461538461
4.230647850437324,1.085631802803328,0.8823529411764706,0.6538461538461539
